<?xml version="1.0" encoding="UTF-8"?>
<project-private xmlns="http://www.netbeans.org/ns/project-private/1">
    <editor-bookmarks xmlns="http://www.netbeans.org/ns/editor-bookmarks/2" lastBookmarkId="0"/>
    <open-files xmlns="http://www.netbeans.org/ns/projectui-open-files/2">
        <group>
            <file>file:/C:/Users/Admin/Documents/java/YellowBackgroundGuessTheNumberGUI/src/yellowbackgroundguessthenumbergui/Guess3NumbersGUI.java</file>
        </group>
        <group name="Group 20240330-02:41:04">
            <file>file:/C:/Users/Admin/Documents/java/YellowBackgroundGuessTheNumberGUI/src/Guess3NumbersGUI.java</file>
        </group>
    </open-files>
</project-private>
